dealId;dealTitle;status;pipeline;seller;wonMonth;productId;productCode;productName;inCurrentCatalog;quantity;itemPrice;discount;discountType;lineTotal;dealValue;currency;productAddedAt
36;Igual negócio;won;Rateio;JONILDO;2022-07;1;;Consultoria;false;1;120000;0;percentage;120000;180000;BRL;2022-07-08 20:03:28
36;Igual negócio;won;Rateio;JONILDO;2022-07;1;;Consultoria;false;1;60000;0;percentage;60000;180000;BRL;2022-07-08 20:03:28
171;Negócio Pichilau Fatufácil & Gestão;won;Rateio;JONILDO;2022-07;1;;Consultoria;false;1;4500;0;percentage;4500;49600;BRL;2022-07-08 20:16:59
171;Negócio Pichilau Fatufácil & Gestão;won;Rateio;JONILDO;2022-07;2;;Entrada;false;1;45100;0;percentage;45100;49600;BRL;2022-07-08 20:17:14
1228;Edf. Central Park;open;Consultoria - Condo;IGOR;;6;LCV;LCV - Laudo de Carregamento Veicular;true;1;4500;0;percentage;4500;9600;BRL;2026-07-29 19:22:14
1228;Edf. Central Park;open;Consultoria - Condo;IGOR;;5;LDC;LDC - Laudo de Disponibilidade de Carga;true;1;5100;0;percentage;5100;9600;BRL;2026-07-29 19:22:14
1307;Edf Canárias;open;Consultoria - Condo;IGOR;;4;LIE;LIE - Laudo de Instalações Elétricas;true;1;7000;0;percentage;7000;7000;BRL;2026-07-15 19:06:52
1333;Edf. Torre de Lyon;open;Consultoria - Condo;IGOR;;5;LDC;LDC - Laudo de Disponibilidade de Carga;true;1;11400;0;percentage;11400;11400;BRL;2026-07-15 19:06:35
1466;Edf Quinta das Baronesas;open;Consultoria - Condo;IGOR;;5;LDC;LDC - Laudo de Disponibilidade de Carga;true;1;8400;0;percentage;8400;8400;BRL;2026-07-15 19:06:15
1610;Edf NewHome Madalena;open;Consultoria - Condo;IGOR;;5;LDC;LDC - Laudo de Disponibilidade de Carga;true;1;9400;0;percentage;9400;10900;BRL;2026-07-15 13:27:53
1610;Edf NewHome Madalena;open;Consultoria - Condo;IGOR;;6;LCV;LCV - Laudo de Carregamento Veicular;true;1;1500;0;percentage;1500;10900;BRL;2026-07-15 13:38:52
1615;EDF Saint Dominique;open;Consultoria - Condo;IGOR;;5;LDC;LDC - Laudo de Disponibilidade de Carga;true;1;8700;0;percentage;8700;8700;BRL;2026-07-15 19:09:14
1616;Edf Garagem Marquês do Herval;open;Consultoria - Condo;IGOR;;4;LIE;LIE - Laudo de Instalações Elétricas;true;1;6000;0;percentage;6000;6000;BRL;2026-07-15 19:00:37
1641;Residencial Itália;open;Consultoria - Condo;IGOR;;4;LIE;LIE - Laudo de Instalações Elétricas;true;1;7000;0;percentage;7000;7000;BRL;2026-07-15 13:21:12
1647;Edf Costa Vitória;open;Consultoria - Condo;IGOR;;5;LDC;LDC - Laudo de Disponibilidade de Carga;true;1;8700;0;percentage;8700;8700;BRL;2026-07-15 19:09:48
1673;Edf Valdir Pessoa;open;Consultoria - Condo;IGOR;;4;LIE;LIE - Laudo de Instalações Elétricas;true;1;7000;0;percentage;7000;7000;BRL;2026-07-15 19:08:58
1674;Edf. Saint Alice;lost;Consultoria - Condo;IGOR;;5;LDC;LDC - Laudo de Disponibilidade de Carga;true;1;9400;0;percentage;9400;9400;BRL;2026-07-15 13:05:14
1686;Edf Los Angeles;open;Consultoria - Condo;IGOR;;5;LDC;LDC - Laudo de Disponibilidade de Carga;true;1;8400;0;percentage;8400;9000;BRL;2026-07-15 12:40:32
1686;Edf Los Angeles;open;Consultoria - Condo;IGOR;;6;LCV;LCV - Laudo de Carregamento Veicular;true;1;600;0;percentage;600;9000;BRL;2026-07-15 12:48:40
1687;Edf Mariyara Village;open;Consultoria - Condo;IGOR;;5;LDC;LDC - Laudo de Disponibilidade de Carga;true;1;12400;0;percentage;12400;19400;BRL;2026-07-15 12:21:31
1687;Edf Mariyara Village;open;Consultoria - Condo;IGOR;;4;LIE;LIE - Laudo de Instalações Elétricas;true;1;7000;0;percentage;7000;19400;BRL;2026-07-15 12:26:40
1697;Edf Jasmine;open;Consultoria - Condo;IGOR;;4;LIE;LIE - Laudo de Instalações Elétricas;true;1;5000;0;percentage;5000;5000;BRL;2026-07-15 12:02:50
1711;Edf. River Tower - Fernando Carvalheira;open;Consultoria - Condo;IGOR;;5;LDC;LDC - Laudo de Disponibilidade de Carga;true;1;8000;0;percentage;8000;8000;BRL;2026-07-15 13:52:41
1734;Edf. Beira Rio Family Class;open;Consultoria - Condo;IGOR;;5;LDC;LDC - Laudo de Disponibilidade de Carga;true;1;10400;0;percentage;10400;10400;BRL;2026-07-15 14:24:12
1736;Jaqueira ParkLane;open;Consultoria - Condo;IGOR;;5;LDC;LDC - Laudo de Disponibilidade de Carga;true;1;7000;0;percentage;7000;13500;BRL;2026-07-15 14:10:14
1736;Jaqueira ParkLane;open;Consultoria - Condo;IGOR;;6;LCV;LCV - Laudo de Carregamento Veicular;true;1;1500;0;percentage;1500;13500;BRL;2026-07-15 14:10:14
1736;Jaqueira ParkLane;open;Consultoria - Condo;IGOR;;4;LIE;LIE - Laudo de Instalações Elétricas;true;1;5000;0;percentage;5000;13500;BRL;2026-07-15 14:10:14
1737;Flor de Santana;open;Consultoria - Condo;IGOR;;6;LCV;LCV - Laudo de Carregamento Veicular;true;1;1500;0;percentage;1500;6500;BRL;2026-07-15 15:05:51
1737;Flor de Santana;open;Consultoria - Condo;IGOR;;4;LIE;LIE - Laudo de Instalações Elétricas;true;1;5000;0;percentage;5000;6500;BRL;2026-07-15 15:05:51
1738;Edf Leonardo da Vinci;open;Consultoria - Condo;IGOR;;5;LDC;LDC - Laudo de Disponibilidade de Carga;true;1;9000;0;percentage;9000;9000;BRL;2026-07-15 18:59:06
1739;Edf Van Gogh;open;Consultoria - Condo;IGOR;;5;LDC;LDC - Laudo de Disponibilidade de Carga;true;1;9000;0;percentage;9000;9000;BRL;2026-07-15 18:58:49
1740;Edf Giselle;open;Consultoria - Condo;IGOR;;5;LDC;LDC - Laudo de Disponibilidade de Carga;true;1;8000;0;percentage;8000;8000;BRL;2026-07-15 18:58:25
1742;Edf. Luar do Porto;open;Consultoria - Condo;IGOR;;5;LDC;LDC - Laudo de Disponibilidade de Carga;true;1;7400;0;percentage;7400;7400;BRL;2026-07-15 14:35:52
1743;Edf. Piazza Armando Cavani;open;Consultoria - Condo;IGOR;;5;LDC;LDC - Laudo de Disponibilidade de Carga;true;1;9400;0;percentage;9400;9400;BRL;2026-07-15 14:35:23
1760;Kimolos;open;Consultoria - Condo;IGOR;;5;LDC;LDC - Laudo de Disponibilidade de Carga;true;1;8900;0;percentage;8900;8900;BRL;2026-07-15 19:01:12
1765;Estação Antônio Dantas;open;Consultoria - Condo;IGOR;;5;LDC;LDC - Laudo de Disponibilidade de Carga;true;1;10400;0;percentage;10400;11900;BRL;2026-07-15 15:32:35
1765;Estação Antônio Dantas;open;Consultoria - Condo;IGOR;;6;LCV;LCV - Laudo de Carregamento Veicular;true;1;1500;0;percentage;1500;11900;BRL;2026-07-15 15:32:35
1773;Edf Oliveira Santos;open;Consultoria - Condo;IGOR;;4;LIE;LIE - Laudo de Instalações Elétricas;true;1;7000;0;percentage;7000;16400;BRL;2026-07-15 15:20:33
1773;Edf Oliveira Santos;open;Consultoria - Condo;IGOR;;5;LDC;LDC - Laudo de Disponibilidade de Carga;true;1;9400;0;percentage;9400;16400;BRL;2026-07-15 15:20:33
1778;Edf Italia;open;Consultoria - Condo;IGOR;;5;LDC;LDC - Laudo de Disponibilidade de Carga;true;1;10400;0;percentage;10400;10400;BRL;2026-07-15 15:26:14
1780;Edf. Cariama;open;Consultoria - Condo;IGOR;;4;LIE;LIE - Laudo de Instalações Elétricas;true;1;7000;0;percentage;7000;7000;BRL;2026-07-15 18:59:23
1788;CASBAH;open;Consultoria - Condo;IGOR;;4;LIE;LIE - Laudo de Instalações Elétricas;true;1;5000;0;percentage;5000;5000;BRL;2026-07-15 19:09:35
1793;Edf Therese de Lisieux;open;Consultoria - Condo;IGOR;;5;LDC;LDC - Laudo de Disponibilidade de Carga;true;1;9400;0;percentage;9400;9400;BRL;2026-07-15 19:07:09
1804;Edf. Caracas;open;Consultoria - Condo;GABRIEL;;5;LDC;LDC - Laudo de Disponibilidade de Carga;true;1;6000;0;percentage;6000;7500;BRL;2026-07-17 22:18:39
1804;Edf. Caracas;open;Consultoria - Condo;GABRIEL;;6;LCV;LCV - Laudo de Carregamento Veicular;true;1;1500;0;percentage;1500;7500;BRL;2026-07-17 22:18:39
1805;Edf. Esperanza Cristina;open;Consultoria - Condo;GABRIEL;;4;LIE;LIE - Laudo de Instalações Elétricas;true;1;6000;0;percentage;6000;6000;BRL;2026-07-17 22:21:59
1806;Edf. GB Living Club Espinheiro;open;Consultoria - Condo;GABRIEL;;5;LDC;LDC - Laudo de Disponibilidade de Carga;true;1;11000;0;percentage;11000;11000;BRL;2026-07-17 22:24:37
1807;Edf. Marcela Rodrigues;open;Consultoria - Condo;GABRIEL;;5;LDC;LDC - Laudo de Disponibilidade de Carga;true;1;8000;0;percentage;8000;8000;BRL;2026-07-17 22:38:28
1808;Edf. Morada do Uiraçu;open;Consultoria - Condo;GABRIEL;;4;LIE;LIE - Laudo de Instalações Elétricas;true;1;8000;0;percentage;8000;8000;BRL;2026-07-17 22:32:49
1809;Edf. Porto Arromanches;open;Consultoria - Condo;GABRIEL;;5;LDC;LDC - Laudo de Disponibilidade de Carga;true;1;8000;0;percentage;8000;8000;BRL;2026-07-17 22:36:27
1814;Edf Living Tower;open;Consultoria - Condo;IGOR;;5;LDC;LDC - Laudo de Disponibilidade de Carga;true;1;15300;0;percentage;15300;15300;BRL;2026-07-15 19:00:55
1823;Cond. Bairro Novo Residence;lost;Consultoria - Condo;IGOR;;5;LDC;LDC - Laudo de Disponibilidade de Carga;true;1;7000;0;percentage;7000;7000;BRL;2026-07-15 19:05:55
1833;Edf. Praça dos Flamboyants;open;Consultoria - Condo;IGOR;;5;LDC;LDC - Laudo de Disponibilidade de Carga;true;1;9400;0;percentage;9400;9400;BRL;2026-07-15 19:08:31
1843;(teste dev) Edf Santorini Aflitos negócio;open;Consultoria - Condo;IGOR;;3;;LIE - teste;false;1;7000;10;percentage;6300;16470;BRL;2026-07-10 20:35:29
1843;(teste dev) Edf Santorini Aflitos negócio;open;Consultoria - Condo;IGOR;;1;;Consultoria;false;1;6000;0;percentage;6000;16470;BRL;2026-07-10 20:35:56
1843;(teste dev) Edf Santorini Aflitos negócio;open;Consultoria - Condo;IGOR;;3;;LIE - teste;false;1;6000;0;percentage;6000;16470;BRL;2026-07-11 03:49:42
1863;Empresarial Italo Renda;open;Consultoria - Condo;GABRIEL;;4;LIE;LIE - Laudo de Instalações Elétricas;true;1;9000;0;percentage;9000;30000;BRL;2026-07-29 03:53:39
1863;Empresarial Italo Renda;open;Consultoria - Condo;GABRIEL;;5;LDC;LDC - Laudo de Disponibilidade de Carga;true;1;12500;0;percentage;12500;30000;BRL;2026-07-29 03:53:39
1863;Empresarial Italo Renda;open;Consultoria - Condo;GABRIEL;;6;LCV;LCV - Laudo de Carregamento Veicular;true;1;2500;0;percentage;2500;30000;BRL;2026-07-29 03:53:39
1863;Empresarial Italo Renda;open;Consultoria - Condo;GABRIEL;;8;PIE;PIE - Projeto Infraestrutura Eletrocalha;true;1;6000;0;percentage;6000;30000;BRL;2026-07-29 03:53:39
1864;Edf Vasco da Gama;open;Consultoria - Condo;GABRIEL;;4;LIE;LIE - Laudo de Instalações Elétricas;true;1;5000;0;percentage;5000;12900;BRL;2026-07-28 14:48:50
1864;Edf Vasco da Gama;open;Consultoria - Condo;GABRIEL;;5;LDC;LDC - Laudo de Disponibilidade de Carga;true;1;6500;0;percentage;6500;12900;BRL;2026-07-28 14:48:50
1864;Edf Vasco da Gama;open;Consultoria - Condo;GABRIEL;;6;LCV;LCV - Laudo de Carregamento Veicular;true;1;1400;0;percentage;1400;12900;BRL;2026-07-28 14:48:50
1866;Edf Dona Cecy;open;Consultoria - Condo;GABRIEL;;5;LDC;LDC - Laudo de Disponibilidade de Carga;true;1;8000;0;percentage;8000;10800;BRL;2026-07-23 23:36:00
1866;Edf Dona Cecy;open;Consultoria - Condo;GABRIEL;;6;LCV;LCV - Laudo de Carregamento Veicular;true;1;2800;0;percentage;2800;10800;BRL;2026-07-23 23:37:01
1868;Edf Antonio Alves;open;Consultoria - Condo;GABRIEL;;4;LIE;LIE - Laudo de Instalações Elétricas;true;1;6500;0;percentage;6500;6500;BRL;2026-07-22 00:58:53
1878;Edf Central Park;open;Consultoria - Condo;GABRIEL;;4;LIE;LIE - Laudo de Instalações Elétricas;true;1;6500;0;percentage;6500;6500;BRL;2026-07-29 04:01:44
